{"precision_score":0.7990196078431373,"_timestamp":1.758347592747729e+09,"_step":0,"_wandb":{"runtime":3},"_runtime":3,"accuracy_score":0.859}