{"_runtime":9,"_step":0,"accuracy_score":0.859,"precision_score":0.7877358490566038,"_timestamp":1.7583476546315284e+09,"_wandb":{"runtime":9}}