{"precision_score":0.7970297029702971,"_wandb":{"runtime":2},"_runtime":2,"_timestamp":1.7583470887330377e+09,"_step":0,"accuracy_score":0.858}