{"_wandb":{"runtime":12},"_runtime":12,"_step":0,"accuracy_score":0.7941176470588235,"_timestamp":1.7583470175596461e+09}