{"_timestamp":1.7583480888931558e+09,"_step":0,"_wandb":{"runtime":2},"_runtime":2,"accuracy_score":0.857,"precision_score":0.7864077669902912}