{"_step":0,"_wandb":{"runtime":2},"_runtime":2,"accuracy_score":0.7925,"precision_score":0.39622641509433965,"_timestamp":1.7583474316569233e+09}