{"_wandb":{"runtime":74},"_runtime":74,"accuracy_score":0.7815533980582524,"_timestamp":1.7583467395841036e+09,"_step":0}